50 Cent,0.001509563,0.001897571,0.002044521,0.001744171,0.001665049,0.001385489,0.001652094,0.001178893,0.00189897,0.000713649,0.000395173,0.002590557,0.000756241,0.0011966,0.001808483,0.001090087,0.000784696,0.001016642,0.001207401,0.001196385,0.001030329,0.00109693,0.000956974,0.001676331,0.000346388,0.00087184,0.001147418,0.000373574,0.001149508,0.000482311,0.000693726,0.000804308,0.000738319,0.000633361,0.000745924,0.000566586,0.000649563,0.000398777,0.003694607,0.004294508,0.000726605,0.000622043,0.000693442,0.001170637,0.000425006,0.000653734,0.000627269,0.000308084,0.000601755,0.00078493,0.000542397,0.000671925,0.000267779,0.000630037,0.000377059,0.000470668,0.000450185,0.000471911,0.000449418,0.00047717,0.000383908,0.000476157,0.000233324
Agnes,0.013186436,0.02258763,0.037069742,0.033355503,0.034356033,0.039545877,0.046186723,0.031894134,0.057738931,0.022329656,0.01951339,0.116467791,0.029528503,0.067163659,0.070483776,0.040679165,0.025592941,0.035067515,0.038915927,0.040102024,0.036356225,0.034420239,0.036134311,0.097110002,0.013130424,0.030201273,0.04431225,0.013548468,0.031956435,0.019668654,0.013399175,1,0,0,0,0,0,0,0,0,0,0,0,0,0,0,0,0,0,0,0,0,0,0,0,0,0,0,0,0,0,0,0
Akon,0.001714294,0.002498615,0.003073383,0.002324971,0.002105931,0.002098847,0.002480183,0.002032559,0.003508978,0.001183687,0.000939963,0.005340118,0.001676464,0.003115669,0.004310747,0.003530614,0.002554402,0.003377368,0.00345246,0.003874838,0.003551907,0.003388461,0.002899355,0.004849992,0.000772173,0.002072254,0.002540629,0.000834988,0.002582621,0.001093335,0.001543024,0.002007267,0.001553407,0.002274382,0.001766374,0.001262184,0.002002888,0.001106867,0.012643458,0.01456653,0.003354683,0.00256877,0.00264319,0.00426991,0.002046393,0.002702599,0.00300179,0.001585185,0.003171987,0.003527105,0.002200681,0.00260992,0.001134423,0.002793473,0.001837951,0.002045694,0.002310075,0.002179098,0.001647971,0.00166521,0.001479532,0.001850931,0.000946057
Alex Gardner,0,0,0,0,0,0,0,0,0,0,0,0,0,0,0,0,0,0,0,0,0,0,0,0,0,0,0,0,0,0,0,0,0,0,0,0,0,0,0,0,0,0,0,0,0,0,0.019856729,0.013200071,0.015823157,0.011960784,0.009276275,0.005823687,0.002808989,0.054637255,0.044378597,0.009022089,0.018843039,0.028566368,0.022108298,0.044871933,0.043726553,0.029337628,0.003764536
Alexandra Burke,0.002502209,0.003511645,0.004524376,0.003831331,0.003798205,0.003738141,0.004417021,0.003565101,0.004858723,0.00173913,0.001528157,0.008460756,0.002143451,0.003766439,0.005434683,0.003319338,0.00199373,0.002549782,0.002919258,0.002771123,0.002322943,0.002637115,0.002048368,0.004444156,0.001014541,0.002472621,0.003305348,0.001435362,0.003866997,0.00203693,0.001903444,0.003149576,0.002619475,0.003113885,0.002930642,0.002290008,0.002875513,0.001634813,0.018607866,0.021312595,0.003777495,0.004386942,0.004222196,0.005165867,0.002423543,0.003307174,0.003455246,0.00176896,0.003105899,0.003273232,0.002038435,0.002414067,0.001046302,0.003445833,0.002061164,0.002325293,0.00275928,0.002747441,0.002172724,0.001984827,0.001558302,0.002170117,0.001312958
Alphabeat ,0.002456373,0.003590888,0.004933292,0.004234702,0.004561773,0.004679074,0.004943017,0.003204849,0.004194888,0.001355585,0.001172649,0.007559325,0.002261496,0.003049693,0.004681395,0.003143627,0.002246013,0.002485124,0.003345488,0.002536897,0.002093427,0.002707618,0.001780707,0.006089471,0.000806303,0.002291957,0.003134922,0.001414622,0.004192765,0.001429184,0.002626887,0.003415911,0.002870115,0.004450678,0.003165888,0.002965502,0.003153349,0.001534761,0.017458139,0.020018346,0.002930742,0.002909432,0.00282897,0.004213001,0.002030353,0.00217913,0.002706599,0.001419453,0.002656082,0.003251036,0.001981696,0.002233058,0.000950944,0.003737796,0.002432504,0.002695755,0.002343025,0.002680081,0.002264563,0.002296326,0.001956705,0.002547893,0.001326363
Amy Macdonald,0.000464999,0.000734912,0.000935741,0.000798592,0.000985848,0.001075782,0.001414126,0.000943806,0.001343801,0.000507783,0.000344575,0.002151663,0.000717751,0.000936239,0.001455448,0.00087706,0.000507476,0.000758853,0.000999829,0.001263273,0.000879181,0.000739463,0.000761538,0.001758451,0.000461573,0.001023221,0.000928696,0.000420856,0.001274997,0.000639736,0.000865206,0.001029993,0.000926925,0.000971876,0.001241845,0.00108437,0.001464081,0.00078259,0.006357025,0.008843616,0.002198219,0.001901443,0.001811698,0.002341307,0.001304006,0.001991716,0.001829492,0.000987575,0.001917996,0.002044364,0.001372698,0.001541801,0.00058345,0.002559329,0.001714999,0.002125371,0.002104655,0.00255532,0.002267588,0.002289962,0.001863774,0.002512178,0.001152755
Asher Roth,0.001051162,0.001209515,0.00142037,0.001398807,0.001382744,0.001418641,0.001630451,0.000962126,0.001883955,0.00082268,0.000342402,0.003050814,0.000816039,0.002018944,0.002599333,0.001364516,0.001570853,0.000975398,0.001041563,0.001258373,0.001268059,0.001652916,0.001026898,0.001717052,0.000637333,0.000978057,0.002072591,0.000626218,0.002240352,0.000609268,0.0013864,0.001453095,0.000955143,0.00138179,0.0013293,0.000993857,0.001220847,0.000659065,0.002013415,0.004018739,0.000967649,0.001033251,0.00105879,0.001561051,0.000783021,0.000830536,0.001050138,0.000638711,0.000978933,0.000684705,0.000756805,0.000627107,0.000549357,0.000944965,0.00099904,0.000868971,0.000875117,0.000785967,0.000940184,0.00084114,0.000927238,0.000754772,0.000416825
Bens Brother,0.000296697,0.000826618,0.00085787,0.000741776,0.00089721,0.000660426,0.000927605,0.00074783,0.000807535,0.00019871,0.000999374,0.003556466,0.000447476,0.000527148,0.000756777,0.000287167,0.000358171,0.000586389,0.002630927,0.002203462,0.00050902,0.000651404,0.000639894,0.000965555,0.000273258,0.000422424,0.001106176,0.000189421,0.004734624,0.000424108,0.002505031,0.002408272,0.000704214,0.002710691,0.00171573,0.0003002,0.000233095,0.00011652,0.007922453,0.011004254,0.000586907,0.00227008,0.002143329,0.002184251,0.002134084,0.001865236,0.001462273,0.000225795,0.000619184,0.000644583,0.002185214,0.003128776,0.001525006,0.001097228,0.000380254,0.000491906,0.000692799,0.000572066,0.001972755,0.002441206,0.000786919,0.000464273,0.000290544
Black Eyed Peas,0.004530527,0.004673132,0.005863836,0.005798464,0.00776684,0.009742815,0.008288451,0.00449348,0.008224501,0.002850307,0.00244006,0.014345188,0.003286693,0.005912186,0.010454463,0.00584641,0.006373297,0.006706347,0.006268885,0.0056898,0.005542394,0.006054282,0.005596011,0.01357682,0.003741644,0.004000597,0.008896842,0.001070752,0.007274606,0.002318927,0.003705979,0.005243572,0.003689352,0.006026755,0.003584748,0.003037356,0.004093777,0.001988963,0.020615217,0.02827834,0.004904556,0.00542206,0.005239545,0.006211814,0.003258497,0.003442744,0.004010903,0.003044559,0.005078106,0.00474062,0.004054897,0.003200331,0.001620461,0.004542526,0.003719699,0.003805361,0.003775061,0.002924719,0.002537084,0.002690628,0.00264435,0.002922826,0.001842574
Black Kids,0.000408594,0.000350682,0.000511663,0.000587199,0.000488435,0.000460261,0.000505682,0.000361195,0.000733223,0.000243818,0.000236372,0.001119218,0.000327849,0.000501445,0.001309001,0.000465207,0.000376701,0.000353024,0.000481226,0.000489013,0.0003648,0.000523184,0.000440053,0.000727001,0.000412818,0.000387271,0.000723785,0.000102462,0.000775704,0.000252608,0.000542301,0.000537453,0.000304622,0.000475185,0.000387195,0.000348991,0.000539571,0.000378954,0.00451658,0.006294781,0.000802344,0.000854509,0.000676308,0.00073337,0.000732832,0.000634975,0.000577971,0.000292893,0.000529373,0.000780408,0.000735747,0.000662562,0.000371758,0.001029101,0.000485465,0.000385329,0.000399446,0.000499109,0.001142443,0.00096442,0.00047086,0.000370922,0.00015503
Bloc Party,0.000903635,0.001101252,0.001692117,0.001627177,0.001578648,0.001704063,0.001694477,0.001095364,0.001838727,0.000549422,0.000507915,0.002787627,0.00050923,0.001778746,0.002535042,0.001023594,0.001148235,0.001128171,0.001227203,0.001270006,0.001228232,0.00187588,0.001276942,0.002149604,0.000774005,0.000811398,0.002029508,0.000348102,0.002942253,0.000579992,0.001298311,0.001222511,0.001054006,0.00162191,0.001436251,0.001226202,0.001512261,0.000779343,0.007972196,0.010785194,0.002012243,0.001645203,0.001637073,0.002103333,0.000992057,0.001205357,0.001575855,0.000857169,0.001412811,0.001134395,0.001147269,0.001287033,0.000647633,0.001866298,0.00135859,0.001353053,0.001377045,0.001396024,0.001431427,0.001056048,0.001103198,0.001280352,0.000652779
Bombay Bicycle Club,0.001076537,0.001092629,0.000770664,0.000762257,0.001020782,0.002199027,0.002378703,0.001230092,0.006868546,0.00422751,0.000459242,0.003901767,0.001828989,0.000912825,0.003556772,0.001135951,0.00077157,0.000793651,0.001176459,0.001509791,0.00106276,0.003945494,0.002350622,0.017272319,0.001441786,0.007993679,0.011175112,0.000270037,0.001673776,0.00088204,0.003311137,0.00232236,0.001011551,0.001673058,0.001160438,0.000373433,0.000533276,0.000532992,0.009015065,0.012183432,0.002016837,0.005066623,0.004557696,0.00103114,0.001378719,0.001343409,0.001752088,0.000871661,0.001513238,0.001495217,0.001351546,0.001263398,0.000509424,0.009274644,0.007590558,0.001671529,0.00259922,0.002799581,0.00387021,0.003466719,0.001381897,0.003629197,0.003749998
Boyz II Men,0.001452317,0.001295113,0.001757519,0.001988821,0.002112698,0.002252861,0.001822157,0.001076547,0.002822158,0.0010331,0.000656036,0.004144618,0.00084259,0.001713829,0.003743391,0.001379847,0.001226499,0.001336762,0.001509603,0.001459023,0.001290357,0.002121888,0.001590481,0.001969289,0.000865543,0.0012652,0.003636593,0.000377003,0.002700835,0.00103213,0.002901858,0.002634641,0.001766258,0.002203462,0.001642565,0.001447195,0.001834508,0.000894372,0.009305479,0.012907559,0.001983194,0.001582212,0.001732878,0.002707248,0.001883678,0.001601598,0.001770859,0.001140074,0.001630544,0.001525413,0.001257396,0.001123981,0.000555451,0.002663956,0.001672328,0.00169939,0.002013502,0.002009456,0.001789097,0.001546614,0.001765662,0.001622942,0.000702716
Bryn Christopher,0,0,0,0,0,0,0,0,0,0,0,0,0,0,0,0,0,0,0,0,0.001547988,0.001545595,0,0,0,0,0,0,0,0,0,0,0,0,0,0,0,0,0,0,0,0,0,0,0,0,0,0,0,0,0,0,0,0,0,0,0,0,0,0,0,0,0
cascada,0,0,0,0,0,0,0,0,0,0,0,0,0,0,0,0,0,0,0,0,0,0,0,0,0,0,0,0,0,0,0,0,0,0,0,0,0,0,0,0,0,0,0,0,0,0,0,0,0,0,0,0,0,0,0,0,0,0,0,0,0.001361636,0.002743356,0.00160975
Chase and Status,0.012102685,0.010884424,0.013036225,0.014826109,0.014253842,0.014311112,0.013286862,0.008069786,0.016151076,0.005321092,0.004808204,0.026378415,0.004939387,0.01047694,0.027316776,0.010844613,0.011701103,0.0126375,0.016254675,0.013217867,0.010559656,0.012368729,0.012066446,0.018843125,0.006249745,0.00731893,0.01809837,0.003288726,0.021104873,0.006893846,0.01143154,0.011216336,0.008485856,0.012995313,0.009152621,0.009628386,0.010284605,0.00541648,0.059780511,0.090253421,0.013844492,0.013481485,0.012953507,0.017701786,0.009358332,0.008815035,0.00966943,0.006786609,0.010587755,0.008334368,0.00706856,0.006589399,0.003464788,0.014273863,0.007748527,0.00874879,0.008710539,0.008084404,0.00869629,0.009620235,0.008847307,0.008220485,0.003884726
Chris Brown,0.002256805,0.002357849,0.002894084,0.002863511,0.002744241,0.003038585,0.002940462,0.001845537,0.003770624,0.001317822,0.001018347,0.005940027,0.001225136,0.0026068,0.004921133,0.002404744,0.002450074,0.002232938,0.002809317,0.002264817,0.00259293,0.002611475,0.002336376,0.003808498,0.001071583,0.001550514,0.003407928,0.000449858,0.003196523,0.000947227,0.001960469,0.002344801,0.001661286,0.002488616,0.00165788,0.001656341,0.001927694,0.000911628,0.00951664,0.015711545,0.002642658,0.002386847,0.002454371,0.003184597,0.001775824,0.001913124,0.002155425,0.001464905,0.002198958,0.002057347,0.001666547,0.001565164,0.000807994,0.002528253,0.002006323,0.002049442,0.002086428,0.001790474,0.001702534,0.001782797,0.001859184,0.001943218,0.001018412
Craig David,0,0,0,0,0,0,0,0,0,0,0,0,0,0,0,0,0,0,0,0,0,0,0,0,0,0,0,0,0,0,0,0,0,0,0,0,0,0,0,0,0,0,0,0,0,0,0,0,0,0,0,0.000687145,0.000686673,0.002237299,0.001402583,0.001517244,0.001468018,0.001365605,0.001774442,0.001798716,0.001545902,0.001657065,0.001244188
Daisy Dares You,0,0,0,0,0,0,0,0,0,0,0,0,0,0,0,0,0,0,0,0,0,0,0,0,0,0,0,0,0,0,0,0,0,0,0,0,0,0,0,0,0,0,0,0,0,0,0,0,0,0,0,0,0,0,0,0,0,0,0.003927961,0.007329024,0.005727679,0.006245866,0.004336119
Dame Shirley Bassey,0,0,0,0,0,0,0,0,0,0,0,0,0,0,0,0,0,0,0,0,0,0,0,0,0,0,0,0,0,0,0,0,0,0,0,0,0,0,0,0,0,0,0,0,0,0.032750273,0.008548207,0.000981193,0.022594776,0.023756506,0.007190689,0.020022786,0.000959499,0.025693831,0.013160576,0.014844464,0.01422388,0.014367416,0.010773757,0.001473879,0.001320198,0.001210965,0.001041341
Delphic,0.008713502,0.008181029,0.01919057,0.015734174,0.010605794,0.011392802,0.0085977,0.005802954,0.011950608,0.00337379,0.003252365,0.014622203,0.00178747,0.011687037,0.012786596,0.00549333,0.009049903,0.015395706,0.011994312,0.007707027,0.005577564,0.008058079,0.006886225,0.00807925,0.003791937,0.004246732,0.017259289,0.00359359,0.030935097,0.006295407,0.010369875,0.011971805,0.010436071,0.017016311,0.009178701,0.011839203,0.023316973,0.014979729,0.065783786,0.038577118,0.018440367,0.0158244,0.020336979,0.032157135,0.018740665,0.016802633,0.015524611,0.010659445,0.012121622,0.010791477,0.015036602,0.016893003,0.008350418,0.021029302,0.012892696,0.010379089,0.009396355,0.007686883,0.009471155,0.010210145,0.006500687,0.005477397,0.00221519
Edward Maya,0,0,0,0,0,0,0,0,0,0,0,0,0,0,0,0,0,0,0,0,0,0,0,0,0,0,0,0,0,0,0,0,0,0,0,0,0,0,0,0,0,0,0,0,0,0,0,0,0,0,0,0,0,0,0,0,0,0,0.006119924,0.019870873,0.019935286,0.016486848,0.008702367
Ellie Goulding,0.021158685,0.022484218,0.033558583,0.034999775,0.031984262,0.053064016,0.053174629,0.031269663,0.04333724,0.007865887,0.006404225,0.038858009,0.00368355,0.010298757,0.033813941,0.016254646,0.016753615,0.015421851,0.013284991,0.016615535,0.013404364,0.011136098,0.008871136,0.010653522,0.015379169,0.011026419,0.01940076,0.002837706,0.02565448,0.005568954,0.028209002,0.124405071,0.114165377,0.129805793,0.055991635,0.035318859,0.028891833,0.012675087,0.165379557,0.088694041,0.104716655,0.075084844,0.060479765,0.084218685,0.033135541,0.03191087,0.025464348,0.014460216,0.025652976,0.024688809,0.020284135,0.017350138,0.008501783,0.029323932,0.025295161,0.022912389,0.019844205,0.016331946,0.017319102,0.022078501,0.019279406,0.016403333,0.006942354
Eminem,0.003009998,0.003317275,0.004158803,0.004575406,0.005519648,0.006184588,0.004553726,0.002487515,0.006035059,0.002212384,0.001660419,0.009438773,0.001853013,0.003657918,0.007266736,0.003347884,0.003276231,0.004303925,0.003592116,0.003415941,0.003404664,0.003704198,0.00387824,0.006591401,0.001735625,0.002324758,0.005777077,0.000805743,0.005287523,0.001471356,0.0035345,0.003692763,0.002653136,0.003806674,0.002996288,0.002791084,0.003159632,0.001611494,0.012613831,0.008897646,0.004787687,0.004722488,0.004610794,0.005851159,0.003225162,0.003985453,0.004437365,0.002990338,0.00441725,0.003924149,0.004098875,0.003921656,0.002023433,0.005654797,0.004526324,0.004502017,0.004106992,0.00365019,0.003661786,0.003578364,0.003575162,0.003685279,0.00180718
Erik Hassle,0,0,0,0,0,0,0,0,0,0,0,0,0,0,0,0,0,0,0,0,0,0,0,0,0,0,0,0,0,0,0,0,0,0,0,0,0,0,0,0,0,0,0,0,0,0,0.004194525,0.006493569,0.008508885,0.009514887,0.00889543,0.008191674,0.003956347,0.017838857,0.024791873,0.040309344,0.03459398,0.013114792,0.011424005,0.010139537,0.008244189,0.010542221,0.011409783
Everything Everything,0,0,0,0,0,0,0,0,0,0,0,0,0,0,0,0,0,0,0,0,0,0,0,0,0,0,0,0,0,0,0,0,0,0,0,0,0,0,0,0,0,0,0,0,0,0.038937371,0.031508385,0.032763764,0.044002784,0.026299757,0.003707358,0.037114375,0.01972621,0.027606119,0.003310597,0.020004755,0.009863428,0.029319883,0.017390543,0.001517031,0.001312054,0.001635284,0.000708455
Filthy Dukes,0.001944464,0.001784348,0.001610759,0.001076075,0.00118976,0.001486384,0.001264661,0.000781663,0.001219214,0.000856213,0.000256644,0.001453944,0.000683216,0.001365498,0.001772727,0.001860338,0.001368127,0.000725536,0.000821332,0.000851061,0.00165728,0.002092714,0.001221678,0.001857072,0.000576171,0.000708845,0.003079875,0.000585611,0.002536161,0.000555988,0.001555901,0.001689103,0.001563172,0.001528591,0.000671606,0.001172224,0.001889679,0.000880185,0.004745158,0.003373385,0.001820118,0.001339586,0.002173913,0.002440347,0.001136056,0.001212817,0.001514191,0.000889176,0.001761385,0.001627769,0.001741876,0.001421563,0.000481412,0.002187928,0.002031323,0.001916627,0.001169031,0.001335057,0.001369977,0.001251694,0.005252424,0.005397654,0.000855943
Florence And The Machine,0.007219411,0.007334402,0.009586244,0.009327086,0.008859447,0.010198722,0.009466127,0.005939987,0.013175705,0.004716522,0.003716534,0.023647868,0.004733086,0.010534081,0.018486613,0.00755873,0.006104165,0.007862172,0.00839986,0.009104351,0.007091349,0.009906903,0.008548392,0.017427202,0.006036807,0.008469327,0.022915499,0.003113231,0.020792288,0.00690499,0.013396386,0.015820486,0.01053905,0.017639611,0.012256077,0.010900216,0.012571958,0.005898199,0.042572582,0.029167261,0.016616576,0.014026512,0.012301606,0.016841426,0.008625547,0.008546621,0.009209674,0.006984171,0.011133924,0.009004204,0.008200131,0.007050482,0.003771805,0.010913997,0.009081814,0.009657228,0.008301244,0.007155794,0.006853073,0.006089095,0.006219065,0.006936081,0.004570651
Frank Sinatra,0,0,0,0,0,0,0,0,0,0,0,0,0,0,0,0,0,0,0,0,0,0,0,0,0,0,0,0,0,0,0,0,0,0,0,0,0,0,0,0,0,0,0,0,0,0,0,0,0,0,0,0,0,0,0,0,0,0,0,0.005805107,0.006423398,0.004626014,0.00338207
Frankmusik,0.001731131,0.001563333,0.001998247,0.002134169,0.001550465,0.001479883,0.001367792,0.00105282,0.002052738,0.000759909,0.000651498,0.003690915,0.000630785,0.001582675,0.002601484,0.001145911,0.00124497,0.001238603,0.001728164,0.001714428,0.001420351,0.00162191,0.001100091,0.001752223,0.000659231,0.000789677,0.002590098,0.000319534,0.002297281,0.00058501,0.001353316,0.00169115,0.001227304,0.00181552,0.001159826,0.000998395,0.001340473,0.000682812,0.004780742,0.004757996,0.001972041,0.00181512,0.001637926,0.002665521,0.001120234,0.001161838,0.001375464,0.000972401,0.001220053,0.001150976,0.001166692,0.001049799,0.000655887,0.001438255,0.0011922,0.001016385,0.001226603,0.001586938,0.001312753,0.001426824,0.001456138,0.001266038,0.000670341
Gabriella Cilmi,0.000906241,0.000935201,0.0011078,0.001104371,0.000955335,0.001361949,0.001355132,0.000735856,0.001886882,0.000881344,0.00066353,0.003187847,0.000525004,0.001694562,0.003567813,0.001080494,0.000885637,0.001449322,0.001558595,0.000985937,0.001220127,0.001314668,0.00089965,0.001355106,0.0004962,0.000542407,0.001413317,0.000242038,0.002000593,0.000676385,0.000972617,0.001086218,0.001104205,0.002058186,0.001850175,0.002348668,0.002953473,0.001551075,0.008890814,0.00550779,0.002215577,0.002365641,0.002322231,0.003091322,0.002142862,0.002255804,0.002732792,0.002083676,0.004065285,0.004296458,0.003629074,0.002497363,0.00102241,0.004937419,0.003055639,0.002827605,0.002415474,0.002239561,0.002247127,0.002615432,0.002761495,0.002590468,0.001360894
Girls Aloud,0.000408039,0.000600777,0.000796328,0.000567401,0.000482016,0.000539521,0.000595737,0.000384984,0.001161007,0.000510613,0.000198282,0.001971779,0.000582929,0.000723781,0.001407613,0.000584906,0.000549879,0.000694131,0.000857155,0.000816219,0.000798167,0.000989152,0.000679124,0.001315628,0.000372916,0.000448028,0.001086741,0.00044917,0.000990331,0.000186034,0.000625694,0.000742441,0.000621575,0.000638266,0.000586788,0.000480945,0.000536845,0.00024389,0.001533481,0.002143586,0.000691003,0.000743282,0.000825603,0.000852598,0.000489492,0.000550177,0.000643067,0.000435461,0.000662253,0.00056997,0.000527554,0.000464581,0.000304635,0.000775732,0.000652579,0.000605999,0.000625613,0.000792718,0.000619594,0.000507056,0.000588478,0.000544315,0.000384268
Guns n Roses,0.000576402,0.001244456,0.001202847,0.000568812,0.000854657,0.001091947,0.001069133,0.000681591,0.001057668,0.000316246,0.000316146,0.001321649,0.000373017,0.000573658,0.001857585,0.000658626,0.000596149,0.00100021,0.001107553,0.00085865,0.000449964,0.000616205,0.000512324,0.002503414,0.000248297,0.000448402,0.001231957,0.000184094,0.001288423,0.000480769,0.000952998,0.001029694,0.000895603,0.00112743,0.000565248,0.000510504,0.00086782,0.00044959,0.003707449,0.006156257,0.001260802,0.001185139,0.000749084,0.000720801,0.000850276,0.004381891,0.003623987,0.000672753,0.001183876,0.001225249,0.000981882,0.00050008,0.000218675,0.000853487,0.000722536,0.001045237,0.001063018,0.00078961,0.000778523,0.00049979,0.000624949,0.000720833,0.000473633
Ich + Ich,0,0,0,0.013333333,0.012145749,0,0,0,0,0,0,0,0,0,0,0,0,0,0,0,0,0,0,0,0,0,0,0,0,0,0,0,0,0,0,0,0,0,0,0,0,0,0,0,0,0,0,0,0,0,0,0,0,0,0,0,0,0,0,0,0,0,0
Inna,0,0,0,0,0,0,0,0,0,0,0,0,0,0,0,0,0,0,0,0,0,0,0,0,0,0,0,0,0,0,0,0,0,0,0,0,0,0,0,0,0,0,0,0,0,0,0,0,0,0,0,0,0,0,0,0,0,0,0.003087216,0.005756237,0.004880059,0.00581185,0.003008221
James Morrison,0.000779815,0.001059882,0.001225128,0.000962939,0.001141777,0.001563133,0.00145433,0.000821276,0.001540337,0.000604277,0.000318993,0.001744863,0.000394454,0.000941297,0.001498389,0.000620578,0.000729919,0.001075297,0.000921267,0.001199191,0.001175638,0.001349469,0.000813137,0.001187431,0.000297292,0.000436203,0.000882264,0.000291095,0.000987062,0.000281445,0.000565137,0.000518422,0.000344984,0.000713432,0.000477147,0.000421734,0.000538271,0.00024339,0.001728195,0.001478754,0.000551628,0.000605536,0.000669059,0.000958736,0.000537455,0.000554498,0.000585968,0.000399398,0.000796004,0.000897572,0.000767496,0.000546492,0.000360131,0.000871688,0.000644381,0.000549164,0.000559148,0.000511254,0.000570926,0.000556987,0.000540738,0.00050711,0.000253427
Jamie Cullum,0.003250236,0.003445468,0.003765464,0.003574768,0.003950573,0.004565753,0.004154202,0.002524501,0.004965557,0.001741063,0.001191117,0.008104084,0.001543516,0.003292084,0.006805903,0.002551183,0.002946147,0.002812037,0.003209959,0.002949637,0.002756486,0.002963436,0.002933834,0.004044212,0.001362697,0.002063654,0.004823981,0.001464488,0.004616355,0.001480577,0.003439185,0.003137049,0.002223302,0.003683336,0.003774821,0.003659979,0.003730465,0.001655421,0.009362279,0.009275439,0.003802989,0.003550555,0.003214873,0.004504902,0.00300856,0.003235894,0.00295003,0.001677272,0.002597438,0.002440574,0.002380842,0.002038794,0.001325863,0.002772001,0.002505754,0.002237531,0.002385449,0.00266326,0.002556531,0.002903984,0.003232633,0.002671564,0.001144001
Jan Delay ,0,0,0,0,0,0,0,0,0,0,0,0,0,0,0,0,0,0,0,0,0,0,0,0,0,0,0,0,0,0,0,0,0.012605882,0.016596667,0,0,0,0,0,0,0,0,0,0,0,0,0,0,0,0,0,0,0,0,0,0,0,0,0,0,0,0,0
Jaya,0,0,0,0,0,0,0,0,0,0,0,0,0,0,0,0,0,0,0,0,0,0,0,0,0,0,0,0,0,0,0,0,0,0,0,0,0,0,0,0,0,0,0,0,0,0,0,0,0,0,0,0.005782575,0.007665772,0.019486801,0.011078262,0.008260234,0.008488173,0.012604173,0.017657751,0.014615249,0.018743492,0.022969915,0.014183008
Jena Lee,0.005392212,0.011956497,0.018118095,0.016414633,0.014573946,0.017337265,0.017249317,0.009549369,0.013723819,0.00424566,0.003408689,0.024844361,0.005870858,0.011573241,0.020176177,0.00854082,0.008571746,0.010092639,0.009085408,0.007210171,0.010245009,0.008872898,0.007828309,0.009853684,0.002569467,0.003916868,0.013371673,0.002947828,0.011848422,0.002946805,0.007008703,0.008847525,0.008691097,0.012622585,0.003977239,0.005190457,0.006589644,0.002774483,0.027011519,0.022543788,0.006388594,0.006758622,0.00828024,0.011218139,0.004094883,0.004480149,0.004438038,0.004196532,0.008725617,0.00704933,0.004198342,0.004175638,0.002533813,0.006606829,0.006072046,0.006720413,0.007513167,0.006466214,0.00484546,0.005573636,0.004826734,0.003523944,0.001688412
Jessie J,0,0,0,0,0,0,0,0,0,0,0,0,0,0,0,0,0,0,0,0,0,0,0,0,0,0,0,0,0,0,0,0,0,0,0,0,0,0,0,0,0,0,0,0,0,0,0,0,0,0,0,0,0,0,0,0,0,0,0.00263914,0.005007392,0.006031886,0.005849449,0.002289333
Jonas Brothers,0.000507589,0.000556298,0.000659443,0.000673811,0.000668782,0.000773453,0.000756445,0.000440343,0.000769983,0.000289931,0.00033728,0.002088294,0.000515813,0.000852161,0.001484689,0.000712374,0.000597707,0.000629719,0.000842972,0.000923893,0.000801608,0.000820853,0.000836395,0.001134602,0.000486269,0.000633294,0.001327749,0.000370155,0.001227169,0.000299385,0.000659527,0.000787051,0.000680551,0.000982316,0.000704434,0.000540668,0.000609319,0.000301116,0.002160043,0.001847475,0.000749414,0.000782878,0.00077762,0.001004216,0.000530244,0.000568837,0.000653865,0.000442664,0.000705695,0.000594845,0.000608869,0.000608339,0.000476174,0.001232662,0.000982612,0.000698761,0.000839528,0.00063351,0.000593568,0.000633406,0.000567966,0.0005581,0.000334276
Just Jack,0.000720545,0.000823817,0.001039033,0.000930086,0.000879187,0.001236043,0.001275668,0.000794564,0.001601555,0.000505665,0.000334663,0.001610547,0.000484736,0.001498924,0.001970175,0.00113524,0.001568002,0.001002167,0.000649403,0.000737479,0.000974393,0.000857832,0.000927522,0.001172175,0.000341543,0.000593946,0.001606273,0.000483241,0.001328271,0.000321578,0.001511696,0.001188901,0.000545907,0.001102173,0.000687362,0.000741034,0.00075501,0.000385921,0.002091558,0.001789022,0.000835833,0.000899296,0.001276506,0.00309802,0.001896534,0.000826701,0.001039093,0.000656047,0.000970314,0.000877676,0.000931272,0.00077165,0.000350602,0.00305417,0.002306982,0.00174087,0.000920798,0.000699681,0.000719111,0.001012316,0.001243731,0.001147776,0.000478279
Justin Bieber,0.003872757,0.004199351,0.005180249,0.005338113,0.00568906,0.006813095,0.006580556,0.003629862,0.005801166,0.002065304,0.00203073,0.011850584,0.002777569,0.005647048,0.010521729,0.006375549,0.007190792,0.006582705,0.006856902,0.00570372,0.00682687,0.006973469,0.006599847,0.009843196,0.003689029,0.004468627,0.009981465,0.002385291,0.008630337,0.002307885,0.004865915,0.005833331,0.003816079,0.00645887,0.003736588,0.003881025,0.005475763,0.002903439,0.020613096,0.017311524,0.005593191,0.00653842,0.006312238,0.008039406,0.004064753,0.003720557,0.004661231,0.004000572,0.00564674,0.005102963,0.004519346,0.00418084,0.002298692,0.00555949,0.004852729,0.005097883,0.004922901,0.004219534,0.003586057,0.004145227,0.003672315,0.00466496,0.002790676
Kaiser Chiefs,0.000419585,0.000504845,0.000637853,0.000604915,0.000872774,0.00097122,0.000844196,0.000699252,0.001544432,0.000372488,0.000297726,0.001652633,0.000310171,0.00050145,0.001536282,0.000900773,0.00074629,0.000491252,0.000749668,0.00071865,0.000682905,0.000868755,0.001096858,0.00115089,0.000325621,0.000374371,0.000773364,0.000458268,0.001110117,0.000344508,0.000634141,0.000591027,0.000399057,0.000719896,0.000536849,0.000461443,0.000568493,0.000268005,0.002620382,0.002613534,0.000704475,0.000617109,0.000521721,0.000546279,0.000602707,0.000500772,0.000827513,0.000387465,0.000624847,0.000631391,0.000593491,0.000443021,0.000277911,0.000769114,0.000780861,0.001352672,0.001224203,0.000616624,0.000600442,0.000884332,0.000888809,0.000495362,0.000297929
Katherine Jenkins,0.010128565,0.007565229,0.008350504,0.017810282,0.033856038,0.025245298,0.008772804,0.014922423,0.060736125,0.010486737,0.001897602,0.014688696,0.006354384,0.009589771,0.037080035,0.012381695,0.007321405,0.002696765,0.011262949,0.011872916,0.007456638,0.011021722,0.00867351,0.007731145,0.009483545,0.008113287,0.009761854,0.003491625,0.017118998,0.002814913,0.003980868,0.003558402,0.002823967,0.006880431,0.005560738,0.01259802,0.014082483,0.001133626,0.033077466,0.027444327,0.019902654,0.015591802,0.003990988,0.008847855,0.007816969,0.004203973,0.009314694,0.005288372,0.007196794,0.006179773,0.00403929,0.006609488,0.006062563,0.011808733,0.008807977,0.015063254,0.01605704,0.009755819,0.012825583,0.017045387,0.015437213,0.012585751,0.002347167
Keane,0.000715923,0.000298062,0,0.000263425,0.000749549,0.001012146,0.000758342,0.000252589,0.000787879,0.0007267,0.000126072,0.000658313,0.000223929,0.000503778,0,0,0.000805639,0.000936557,0.000563871,0.000962884,0.001023087,0.000231382,0.000200501,0.000300692,0,7.51503E-05,0.000726398,0.00032539,0.000875766,0.00025,0.000249938,0.000937031,0.000561693,0.000614172,0.000383597,0,0,0,0.001994018,0.00199005,0.000381927,0.000114554,0,0.000206799,0.000518404,0.000267052,0.000371839,0.0001239,0.000566353,0.000881661,0.000799338,0.000228179,0,0.000617894,0.001111523,0.000246731,0.00024667,0.000493218,0.000246488,0.000246427,0.000246366,0,0
Kid Adrift,0,0,0,0,0,0,0,0,0,0,0,0,0,0,0,0,0,0,0,0,0,0,0,0,0,0,0,0,0,0,0,0,0,0,0,0,0,0,0,0,0,0,0,0,0,0,0,0,0,0,0,0,0,0,0,0,0,0,0.0064616,0.007710975,0.001752673,0.002120079,0.001813085
Kool Shen,0.008608328,0.005767956,0.00337194,0.015300994,0.014431435,0.005958292,0.008602454,0.004893736,0.0059385,0.002257361,0.005589291,0.020944377,0.003345668,0.004287245,0.027427962,0.01838579,0.013034042,0.006931206,0.019561277,0.014566409,0.00353959,0.004748184,0.016499017,0.021430445,0.001385042,0.002213001,0.003618847,0.001184118,0.005379421,0.000796903,0.018216676,0.015764155,0.00926191,0.013143999,0.002559729,0.003220062,0.004717327,0.002448111,0.021382948,0.017944537,0.011485049,0.009545032,0.01050105,0.026029295,0.000964599,0.001338422,0.002079822,0.001008403,0.001329483,0.001450897,0.001839916,0.001983454,0.00133435,0.019768932,0.009922592,0.008502773,0.001374633,0.001738812,0.008039466,0.007460196,0.001680791,0.001657351,0.00058685
La Roux,0.003819145,0.004837597,0.006989885,0.006755315,0.006919055,0.007922051,0.006596312,0.004284113,0.008828483,0.002801893,0.001575816,0.008759956,0.00134907,0.002976946,0.006238903,0.002402784,0.001807972,0.002528934,0.003399025,0.002849036,0.002728984,0.003429519,0.003041602,0.003100244,0.001041895,0.001599883,0.003799255,0.001161354,0.004935461,0.001061163,0.003042704,0.00382249,0.002098267,0.002566144,0.003438711,0.002442999,0.002259211,0.000760125,0.01002075,0.008503998,0.004846857,0.004585767,0.004233557,0.006044789,0.002354978,0.001778096,0.001904296,0.001648191,0.00241032,0.001674996,0.002128023,0.002381604,0.001353554,0.003166928,0.002986916,0.001984174,0.002233648,0.002008179,0.002219591,0.00248836,0.002784041,0.002442022,0.001248903
Lady Gaga,0.003404521,0.003937749,0.005031387,0.005136214,0.004547064,0.004716259,0.004356707,0.002457764,0.004116056,0.001477458,0.001036413,0.006783469,0.001771888,0.003047923,0.005368327,0.002651771,0.002659659,0.003270507,0.003097907,0.003098416,0.003139546,0.004112479,0.002791936,0.005926544,0.001509597,0.002191799,0.004176159,0.001022652,0.003834923,0.00079147,0.002760621,0.002512837,0.002094475,0.003096176,0.001968086,0.001754378,0.002148869,0.001075178,0.006976941,0.0069286,0.002686733,0.002742531,0.002814434,0.003298011,0.002158618,0.001937139,0.002641442,0.00188567,0.003055578,0.002506793,0.002602942,0.002316851,0.001358868,0.002952111,0.002811093,0.002632079,0.002601207,0.002201488,0.002045747,0.002229423,0.002109892,0.002424809,0.001271482
Ladyhawke,0.001430407,0.00212954,0.002634341,0.003132365,0.003784434,0.003589499,0.00291676,0.001627408,0.003192243,0.001144105,0.000708035,0.004691291,0.001197028,0.00302798,0.004392216,0.001550548,0.001774831,0.002082824,0.002246454,0.00293234,0.003948505,0.003532,0.001714029,0.003192205,0.001004694,0.001364823,0.003581287,0.001456272,0.004104669,0.000938885,0.003197932,0.002088061,0.00188595,0.0031442,0.002666042,0.002318903,0.002329888,0.000966491,0.009423354,0.009335384,0.003712812,0.002844525,0.002464023,0.003317907,0.002348132,0.001987986,0.002103988,0.001147896,0.00176313,0.002160832,0.002653172,0.002138924,0.000931657,0.002426458,0.002883402,0.001888421,0.001642027,0.001616246,0.001934149,0.001940591,0.001917402,0.00172934,0.000973414
Livingston,0.001274968,0.001140705,0.000991017,0.000705202,0.000764973,0.001296304,0.001280325,0.000623966,0.001014759,0.000429568,7.60077E-05,0.000958788,0.000280353,0.000604341,0.001024133,0.000671563,0.000595961,0.000638199,0.000903039,0.000780026,0.000934971,0.00083299,0.000751156,0.000822494,0.000380584,0.000656504,0.001748396,0.000428661,0.001207526,0.000282949,0.000842078,0.001026349,0.000574093,0.00075189,0.000764972,0.000766735,0.000773363,0.000373919,0.005940801,0.005062045,0.001045358,0.001095207,0.000890472,0.000819776,0.000908,0.001130623,0.001332471,0.000384322,0.000586845,0.000594282,0.00066489,0.000737304,0.000441668,0.001177263,0.001075087,0.000836913,0.000714659,0.000678545,0.001228668,0.001256101,0.001390385,0.001199687,0.000588337
Marilyn Manson,0.008135876,0.009190958,0.011871596,0.013020458,0.013221721,0.015670112,0.013608264,0.007564491,0.016664545,0.006437817,0.003923811,0.035119647,0.005997625,0.010793406,0.019034416,0.009074614,0.009257678,0.011677835,0.013683469,0.010529186,0.014093247,0.016613558,0.014465564,0.022087273,0.005713085,0.008277177,0.017505702,0.005970101,0.016784104,0.003212996,0.011388529,0.008494405,0.006603174,0.009156935,0.007756111,0.008812232,0.010342851,0.004999755,0.034863566,0.028876324,0.010914903,0.013124374,0.012191531,0.015576593,0.009159948,0.009679809,0.010540372,0.007571981,0.01224919,0.009516411,0.009781156,0.008581332,0.004889352,0.010387218,0.008990555,0.008155434,0.00901394,0.007392059,0.00703714,0.007077837,0.007780049,0.007158989,0.005750438
Marina and the Diamonds,0,0,0,0,0,0,0,0,0,0,0,0,0,0,0,0,0,0,0,0,0,0,0,0,0,0,0,0,0,0,0,0,0,0,0,0,0,0,0,0,0,0,0,0,0,0,0.016289396,0.018074952,0.030826849,0.026517311,0.025376773,0.019586932,0.014176364,0.027463694,0.029657706,0.02490462,0.029010088,0.024752677,0.030335306,0.025252016,0.020940298,0.017554353,0.010344745
Mary J Blige,0.001494414,0.001938696,0.002726016,0.002901234,0.002757129,0.002590057,0.000757979,9.22788E-05,0.000166566,5.75095E-05,1.97012E-05,0.000229488,5.74919E-05,0.000292234,0.000456901,0.000314568,0.000289551,0.000133748,0.000212963,0.000194695,0.000170053,0.000190026,0.000155082,0.000231525,5.71459E-05,7.38257E-05,0.00017862,4.39447E-05,0.000214938,5.2095E-05,0.000161686,0.000233641,0.000186692,0.000265732,0.000238003,0.00024811,0.000224608,0.000102505,0.000877897,0.000751823,0.000291424,0.000287679,0.000227406,0.000181993,0.000209117,0.000240988,0.000272944,0.000213214,0.000407337,0.000320514,0.000257789,0.000259943,0.00011347,0.000303241,0.000304273,0.000479627,0.000471736,0.000324847,0.000315782,0.000301739,0.000294218,0.00023567,0.000147474
Melody Gardot,0.000464385,0.001567264,0.001794712,0.000902536,0.000679722,0.001363193,0.002648775,0.001800947,0.001122963,0.000389696,0.000139192,0.000719057,0.000301324,0.000602465,0.001208837,0.000481101,0.00032058,0.00040858,0.000676901,0.000753853,0.000871373,0.002403359,0.001676433,0.001206183,0.000756603,0.000980549,0.001322903,0.000557719,0.0014849,0.000275629,0.000896596,0.000941306,0.000513784,0.000778406,0.001463619,0.002244294,0.004682714,0.002152913,0.013092185,0.012922995,0.004340392,0.003994238,0.005282724,0.006797571,0.003880604,0.003192807,0.003418441,0.002532956,0.003855205,0.003370334,0.003534697,0.003111343,0.001854047,0.00427065,0.004059049,0.003732555,0.00388825,0.003907085,0.003302914,0.003823434,0.004400886,0.003752288,0.002821329
Metallica,0.001100235,0.001314709,0.001519174,0.001562161,0.001907432,0.002131825,0.001939141,0.001107237,0.002600578,0.001021346,0.000826538,0.004751043,0.001009166,0.001838809,0.003892706,0.001801153,0.001835524,0.002389702,0.00220923,0.002108204,0.001840717,0.002260824,0.001616996,0.003709114,0.001010359,0.001173905,0.002705463,0.000735783,0.002646636,0.000612633,0.001627587,0.001547076,0.001378535,0.001816296,0.001602092,0.001301705,0.001767759,0.000783468,0.004275539,0.005960271,0.002190885,0.002109699,0.002104302,0.002669892,0.00162048,0.001784225,0.001911397,0.001311495,0.002010102,0.001785121,0.001499527,0.001455165,0.000869908,0.001927252,0.001879986,0.001858443,0.001937023,0.00158615,0.001414081,0.001489449,0.001525572,0.001494682,0.001041194
Michael Jackson,0,0,0,0,0,0,0,0,0,0,0,0,0,0,0,0,0,0,0,0,0,0,0,0,0,0,0,0,0,0,0,0,0,0,0,0,0,0,0,0,0,0,0,0,0,0,0,0,0,0,0,0,0,0.002210486,0.002099575,0.002104668,0.002335975,0.001589274,0.001588726,0.001478313,0.001689419,0.001749165,0.001103271
MIKA,0.001724523,0.00179614,0.002178625,0.001964333,0.002125814,0.002701857,0.002552601,0.001304003,0.002304173,0.000885783,0.000621577,0.005637821,0.001025803,0.002317826,0.004256391,0.001845683,0.001546868,0.001715194,0.001995343,0.002559401,0.002590511,0.002498158,0.002199555,0.004089432,0.000992772,0.001426861,0.003080248,0.001214082,0.003142045,0.000778326,0.00197688,0.001845295,0.001489935,0.002084707,0.001965109,0.001772386,0.002269196,0.001130608,0.006091107,0.007063269,0.002250451,0.002844201,0.003615111,0.004226531,0.002787609,0.002640371,0.002506925,0.001573466,0.002236671,0.00233739,0.002206426,0.001524497,0.001001397,0.002305303,0.002246104,0.001896526,0.002074127,0.002101194,0.001629154,0.001965226,0.00199879,0.001910335,0.001348179
Milow,0,0,0,0.010666667,0.011433597,0,0,0,0,0,0,0,0,0,0,0,0,0,0,0.010869565,0.010752688,0,0,0,0,0,0,0.005319149,0.015873016,0,0,0,0,0,0.020833333,0.020408163,0,0,0,0,0.023334,0.035829944,0.037735849,0.018181818,0.013735714,0.021680771,0,0.007184483,0.009985158,0,0,0,0,0,0,0,0,0,0,0,0,0,0
Mini Viva,0,0,0,0,0,0,0,0,0,0,0,0,0,0,0,0,0,0,0,0,0,0,0,0,0,0,0,0,0,0,0,0,0,0,0,0,0,0,0,0,0,0,0,0,0,0.02574699,0.002713897,0.007869884,0.021676132,0.038987727,0.006778967,0.023125707,0.010441401,0.028049437,0.012065791,0.009575008,0.011350133,0.014337565,0.008711221,0.001468467,0.00140857,0.001437382,0.000809744
Mr Hudson,0.003068387,0.003620812,0.004805203,0.004701246,0.004362648,0.004779849,0.004370803,0.002798987,0.00760554,0.002511041,0.000979639,0.009235145,0.00189005,0.006431199,0.01031107,0.006997855,0.006278841,0.004795738,0.004969561,0.004481394,0.00531818,0.004851261,0.004418407,0.007428651,0.002311693,0.003227304,0.008307724,0.002654063,0.008811616,0.002390716,0.006322111,0.005534957,0.005412996,0.005665903,0.00540885,0.007178841,0.005755762,0.002371613,0.019635311,0.022466719,0.006557388,0.006639336,0.005981636,0.008580558,0.005199742,0.004801622,0.006240936,0.004553449,0.005586591,0.004473657,0.004158742,0.003772625,0.002090204,0.005995611,0.006162765,0.005027745,0.005382722,0.006088818,0.004630082,0.005787647,0.00564164,0.005702849,0.002696757
Mumford & Sons,0,0,0,0,0,0,0,0,0,0,0,0,0,0,0,0,0,0,0,0,0,0,0,0,0,0,0,0,0,0,0,0,0,0,0,0,0,0,0,0,0,0,0,0,0,0,0.013315083,0.018576833,0.033200926,0.030705068,0.024535162,0.024932946,0.017962467,0.031909517,0.028975935,0.019936012,0.02231696,0.023270456,0.018875022,0.020068874,0.020956382,0.019177689,0.011717803
Music from the Vatican,0,0,0,0,0,0,0,0,0,0,0,0,0,0,0,0,0,0,0,0,0,0,0,0,0,0,0,0,0,0,0,0,0,0,0,0,0,0,0,0,0,0,0,0,0,0.022677652,0.008843968,0.012014735,0.032914308,0.01629732,0.003192391,0.039978859,0.031938167,0.04592546,0.008018377,0.020001084,0.009988271,0.036585409,0.010034671,0.001605062,0.001330782,0.001544577,0.00074741
N-Dubz,0.001522636,0.001689946,0.001991797,0.002158084,0.002228749,0.002866805,0.003029937,0.001581327,0.003166492,0.00122817,0.000722325,0.006355271,0.001035538,0.00186601,0.004419556,0.001442373,0.001733711,0.002420138,0.002722067,0.002593219,0.002413979,0.002825128,0.001899076,0.003223709,0.000846164,0.001039716,0.003421045,0.000814272,0.003559393,0.001236969,0.002081294,0.001966685,0.001378576,0.001932842,0.001740361,0.001262593,0.00201079,0.000866757,0.006755118,0.007828091,0.002740728,0.002774734,0.002588437,0.003619217,0.002065148,0.00178785,0.002186282,0.001303584,0.001777751,0.001724175,0.001678326,0.001453588,0.000683993,0.001792611,0.001476087,0.001570213,0.001867608,0.0017814,0.001185227,0.001482277,0.001374336,0.001424726,0.001148435
Noah And The Whale,0.002424484,0.004341945,0.005546917,0.003982773,0.003482822,0.003754635,0.003496945,0.002255923,0.005826228,0.002308849,0.000840162,0.007544745,0.001656055,0.003368248,0.005911491,0.002840701,0.00291694,0.00240919,0.003151742,0.003161858,0.002917589,0.003939685,0.004072718,0.004851568,0.001817177,0.00228857,0.006118321,0.002768586,0.008419247,0.001453932,0.003633262,0.003552762,0.0022617,0.003469947,0.003420728,0.003036969,0.003427641,0.001859662,0.009022156,0.012518077,0.006167835,0.004983697,0.005148838,0.006910036,0.003783219,0.003333407,0.003659335,0.002324181,0.004313206,0.003913949,0.00369257,0.003655678,0.002051879,0.003711142,0.004099061,0.003110483,0.003406891,0.003824117,0.002959141,0.003241112,0.003526849,0.004873242,0.003214293
One Republic,0.000664315,0.000606622,0.000633933,0.000507786,0.000426557,0.000303649,0.0002328,0.000187171,0.000392359,0.000262165,4.06702E-05,0.000363468,6.30076E-05,0.000183452,0.000397961,0.000263967,0.000355877,0.000276614,0.000323573,0.000322451,0.000228752,0.000212264,0.00015761,0.000341882,0.00010507,0.000122607,0.000404576,0.00020576,0.000377934,8.04761E-05,0.000157746,0.000234986,0.000228546,0.000167647,0.00013947,0.000210363,0.000196958,8.29135E-05,0.000553561,0.000645464,0.000286641,0.000236818,0.000185069,0.000270772,0.00015741,0.000178599,0.000224932,0.00016869,0.000243635,0.00019284,0.000205727,0.000202101,0.000104392,0.000227116,0.000256916,0.000183862,0.000197344,0.000178108,0.000149772,0.000194988,0.000201978,0.00015092,0.000129412
Owl City,0,0,0,0,0,0,0,0,0,0,0,0,0,0,0,0,0,0,0,0,0,0,0,0,0,0,0,0,0,0,0,0,0,0,0,0,0,0,0,0,0,0,0,0,0,0,0,0,0,0,0.03104901,0.052360134,0.029594988,0.061232185,0.059882544,0.078330276,0.108582977,0.088510254,0.072630141,0.100292868,0.081270048,0.077958166,0.048534727
Patrick Sébastien,0.002553514,0.002805358,0.003632558,0.003364962,0.003106709,0.004200944,0.004961462,0.002929055,0.005532169,0.002219764,0.001093968,0.011396055,0.002963546,0.006331095,0.011478551,0.00692479,0.00809404,0.007000643,0.006580701,0.007201252,0.005655227,0.00763886,0.006286875,0.014783938,0.003243405,0.003555605,0.008374162,0.001890925,0.006012401,0.001999006,0.003609926,0.004081702,0.004097921,0.006821933,0.005087939,0.003722407,0.005895475,0.002625978,0.012881143,0.01780426,0.005125033,0.007554174,0.009121155,0.008287739,0.00397829,0.00408762,0.00471462,0.002951201,0.005427446,0.004819784,0.002912447,0.002835732,0.001967621,0.005589743,0.004506766,0.004771047,0.00499178,0.004414506,0.003637937,0.004012542,0.00362761,0.004105722,0.003058706
Patrizio Buanne,0,0,0,0,0,0,0,0,0,0,0,0,0,0,0,0,0,0,0,0,0,0,0,0,0,0,0,0,0,0,0,0,0,0,0,0,0,0,0,0,0,0,0,0,0,0,0,0,0,0,0,0.019585253,0.026892655,0.01421027,0.026426294,0.04790196,0.065243959,0.039283532,0.030108754,0.043099233,0.050348604,0.043826909,0.022737819
Pearl and the Puppets,0,0,0,0,0,0,0,0,0,0,0,0,0,0,0,0,0,0,0,0,0,0,0,0,0,0,0,0,0,0,0,0,0,0,0,0,0,0,0,0,0,0,0,0,0,0,0,0,0,0,0,0,0,0,0,0,0,0,0.001386036,0.015979204,0.021327017,0.01216602,0.006495795
Pixie Lott,0.003900327,0.005230443,0.005749687,0.005754403,0.005638305,0.004811061,0.004952513,0.003419396,0.007097043,0.004029479,0.001303467,0.013517457,0.002449522,0.005469397,0.010484455,0.004169716,0.005109738,0.003531906,0.003617754,0.00442678,0.005232283,0.005320205,0.004976274,0.007606427,0.001956017,0.003322617,0.006898187,0.002964906,0.008148933,0.001653852,0.004926027,0.005108619,0.003971399,0.00533805,0.004298176,0.003514928,0.004968219,0.002064987,0.014240264,0.016380379,0.007434426,0.007153501,0.00648163,0.009014625,0.004190848,0.004584411,0.005465681,0.003865297,0.005280759,0.005225169,0.004953906,0.004097025,0.002401248,0.005401888,0.005022835,0.00494199,0.004924088,0.005958396,0.008540745,0.014079453,0.015954202,0.014718087,0.00992782
Powderfinger,0.002208391,0.002870394,0.003415221,0.004003209,0.005301418,0.004484945,0.002901492,0.00368211,0.016894073,0.00403458,0.001194613,0.010539789,0.000787158,0.014600155,0.004992914,0.007535981,0.005295796,0.003252683,0.005452253,0.003513241,0.001216674,0.005970307,0.006617647,0.003547949,0.001568057,0.001805809,0.010687246,0.004398827,0.010055638,0.001026258,0.002488471,0.005408509,0.007229321,0.007641556,0.008895524,0.011593069,0.004533311,0.000673919,0.014831037,0.017050017,0.002552629,0.003117703,0.002556633,0.001687237,0.003091903,0.007153866,0.00679472,0.001311961,0.002325971,0.005831563,0.004929996,0.003092216,0.003172996,0.00456752,0.002391928,0.007282571,0.009138906,0.001885916,0.001430191,0.001656558,0.001860237,0.001796244,0.001643655
Rammstein,0,0,0,0,0,0,0,0,0,0,0,0,0,0,0,0,0,0.003028346,0.004831039,0,0,0.003471875,0.004325607,0,0,0,0,0,0,0,0,0,0,0,0,0,0,0,0.003577519,0.004159538,0,0,0,0.002958462,0.004719883,0,0,0,0,0,0,0,0,0,0,0,0,0,0,0,0,0,0
Razorlight,0.003036406,0.001314462,0.000142283,0.000191257,0.000211376,0.001517247,0.001748389,0.000150148,0.000259563,8.99087E-05,2.16107E-05,0.000279331,0.000102421,0.000172816,0.000368611,0.000207267,0.00025903,0.000177067,0.000137022,0.000158548,0.000662227,0.000870072,0.000139925,9.76209E-05,0.000111647,0.000106531,0.000103331,0.000130585,0.00049501,8.3657E-05,0.000203147,0.00024086,0.000141423,0.000183921,0.000150452,8.59599E-05,0.000207719,5.01285E-05,0.000334174,0.000467686,0.000386377,0.000181561,0.000121199,0.000190673,0.00018587,8.81516E-05,0.000172717,0.000110757,0.000121462,8.57278E-05,9.34124E-05,0.000139925,6.66549E-05,0.000309452,0.000333155,0.000278329,0.000341036,0.000232034,0.000198926,0.000164002,0.000178898,0.000184864,9.06862E-05
Reamonn,0,0,0,0,0,0,0,0,0,0,0,0,0,0,0,0,0,0,0,0,0,0,0,0,0,0,0,0,0,0,0,0,0,0,0,0,0,0,0,0,0,0,0,0,0,0,0,0,0,0,0,0,0,0,0,0,0,0,0,0,0.026757275,0.05067285,0.026581741
Rihanna,0.003744255,0.004888511,0.006075532,0.005530421,0.005476636,0.007046609,0.007361259,0.004449735,0.007573942,0.002705316,0.001480857,0.013942207,0.00283372,0.005484202,0.009668366,0.004740414,0.005261384,0.006425248,0.006121705,0.006554985,0.006018943,0.006850363,0.005642115,0.009036443,0.002265195,0.003031594,0.007278138,0.001901823,0.006337116,0.001306021,0.004187517,0.003579069,0.003718716,0.004374237,0.003074933,0.002757353,0.003841058,0.002160791,0.010951542,0.012638389,0.004513925,0.00520479,0.005288929,0.005778071,0.003321516,0.003602886,0.004245624,0.003067508,0.004706503,0.003981934,0.00353292,0.002996087,0.001682774,0.004127628,0.004356279,0.004104871,0.00419894,0.003609588,0.002903973,0.003060276,0.003401623,0.003405025,0.001994727
Rolando Villazon,0,0,0,0,0,0,0,0,0,0,0,0,0,0,0,0,0,0,0,0,0,0,0,0,0,0,0,0,0,0,0,0,0,0,0,0,0,0,0,0,0,0,0,0,0,0.03124287,0.005960261,0.028976054,0.050775158,0.020318524,0.003094276,0.038194201,0.023202847,1,0,0,0,0,0,0,0,0,0
Rosenstolz,0,0,0,0,0,0,0,0,0,0,0,0,0,0,0,0,0,0,0,0,0,0,0,0,0,0,0,0,0,0.001023282,0.001192793,0,0,0,0,0,0,0,0.001021018,0.001190157,0,0,0.001103753,0.001102536,0,0,0,0,0,0,0,0,0,0,0,0,0,0,0,0.000907048,0.001294421,0,0
Rox,0,0,0,0,0,0,0,0,0,0,0,0,0,0,0,0,0,0,0,0,0,0,0,0,0,0,0,0,0,0,0,0,0,0,0,0,0,0,0,0,0,0,0,0,0,0,0,0,0,0,0,0,0,0,0,0,0,0,0.005767646,0.015438851,0.018186376,0.018552974,0.008145849
Schiller ,0.001801181,0.002366195,0.003107924,0.003153413,0.002977101,0.003709956,0.004231256,0.002668796,0.004138753,0.002411549,0.000712082,0.007389178,0.001347308,0.006436822,0.010233047,0.00246875,0.007510569,0.006980684,0.005808546,0.004738581,0.004241926,0.003108808,0.003322537,0.005259496,0.004903112,0.006912393,0.008271832,0.003095967,0.006911289,0.001885391,0.004913549,0.005047609,0.003293812,0.004574643,0.003578551,0.003334136,0.003683875,0.002782321,0.016458668,0.018890859,0.007443239,0.009181856,0.007730377,0.010234911,0.006199155,0.007969628,0.006934722,0.004106456,0.006264053,0.004940942,0.004541629,0.004127774,0.003191285,0.005638229,0.005421027,0.004724928,0.004652432,0.004731264,0.005303146,0.00548314,0.004887232,0.005423918,0.004395026
Scooter,0,0,0,0,0,0,0,0,0,0,0,0,0,0,0,0,0,0,0,0,0,0,0,0,0,0,0,0,0,0,0,0,0,0,0,0,0,0,0,0,0,0,0,0,0,0,0,0,0,0,0,0,0,0,0,0,0,0,0,0,0.001690991,0.00425276,0.002633916
Sido,0.010437097,0.012948724,0.008536314,0,0,0,0,0,0,0,0,0,0,0,0,0,0,0,0,0,0,0,0,0.015625,0,0,0,0,0,0,0,0,0,0,0,0,0,0,0,0,0,0,0,0,0,0,0,0,0,0,0,0,0,0,0,0,0.006153846,0.009174312,0,0,0,0,0
Sinik,0.001015379,0.000553302,0,0.001128085,0.001938002,0.001919961,0.001266686,0.000145971,0.001395281,0.000404204,0.00019425,0.003733191,0.001891908,0.003862495,0.004540208,0.0022703,0.002206076,0.002097235,0.001375723,0.000754138,0.0009113,0.001812519,0.001409509,0.002079788,0.001048226,0.001115435,0.003563305,0.000675371,0.002999625,0.001380299,0.002248112,0.001549774,0.000816847,0.000875934,0.000954694,0.001236387,0.001759694,0.001078628,0.003125785,0.004985709,0.002259692,0.002245201,0.00684914,0.01672656,0.001365987,0.001512411,0.002812993,0.001919284,0.001151621,0.000733648,0.001167561,0.001243025,0.000410834,0.002734671,0.001426616,0.001285284,0.002905654,0.003318801,0.002009388,0.001938624,0.002021474,0.001839253,0.001098378
Snow Patrol,0.002252807,0.002997135,0.003615138,0.003366373,0.003609781,0.004780351,0.004398432,0.002698448,0.004985159,0.002095164,0.001083447,0.009853619,0.002255471,0.004006444,0.006034699,0.001920991,0.00275397,0.00338603,0.003088596,0.003247203,0.002540088,0.004013854,0.00322673,0.005264981,0.001419252,0.00206529,0.004501451,0.001310473,0.004537312,0.001063738,0.003165281,0.003017545,0.002273042,0.002802807,0.002224123,0.002085578,0.002511697,0.001416825,0.005569529,0.011077362,0.002935913,0.003585757,0.003402125,0.00510943,0.003130161,0.003222262,0.003692516,0.002592284,0.00440169,0.004628845,0.004345284,0.003653309,0.002202432,0.004234051,0.004244161,0.003755636,0.00354399,0.003226037,0.002951677,0.003199902,0.003309456,0.003061352,0.002110483
Soft Toy Emergency,0.000909097,0.001299661,0.001591705,0.001094081,0.001237347,0.001541875,0.000856874,0.000609464,0.001306939,0.001084508,8.68056E-05,0.001572016,0.000770319,0.001039141,0.000899654,0.000452569,0.001679424,0.001482526,0.000509392,0.001189343,0.001069842,0.000511454,0.00048067,0.000686342,0.000178326,0.000267442,0.001199739,0.000154067,0.000941378,0.000170999,0.000170969,0,0,0.000466188,0.000699913,0.00030129,0.000383232,0.00019905,0.001312248,0.002096805,0.000651717,0.000368104,0,0.000424592,0.000735659,0.000348678,0.000612391,0.000254216,0.000156388,0.00035186,0.002201524,0.002647279,0.000393248,0.000725674,0.000705755,0.001289696,0.000980046,0,0.000279725,0.000391532,0,0.000243979,0.000426833
Spandau Ballet,0.004826788,0.005681665,0.006437384,0.005923322,0.005678397,0.006757857,0.008210362,0.004991233,0.006571654,0.003337598,0.001179213,0.012850476,0.003637815,0.004468903,0.007321742,0.004896359,0.004240397,0.004587859,0.004959443,0.003901209,0.004495529,0.006812828,0.006266677,0.005993453,0.00201512,0.002987455,0.006901532,0.002018133,0.009017016,0.002336563,0.004393009,0.00534019,0.003564965,0.004289361,0.003315175,0.004542039,0.005670582,0.002881026,0.016466014,0.018899156,0.008294646,0.00605285,0.006283928,0.007759738,0.004684915,0.004226005,0.004710355,0.004051941,0.008389418,0.009823861,0.007364128,0.004768688,0.002968028,0.006956943,0.005691201,0.006295567,0.00609713,0.005018755,0.004234612,0.005730818,0.004318033,0.004988587,0.005311324
Starsmith,0,0,0,0,0,0,0,0,0,0,0,0,0,0,0,0,0,0,0,0,0,0,0,0,0,0,0,0,0,0,0,0,0,0,0,0,0,0,0,0,0,0,0,0,0,0,0,0,0,0,0.00194378,0.002934875,0.00198394,0.004043778,0.003572397,0.007391445,0.009313326,0.004196689,0.002531497,0.004331519,0.00402186,0.002474816,0.001827816
Stereophonics,0.002940065,0.003692079,0.004730264,0.004458923,0.004585145,0.004913625,0.005017529,0.003327691,0.005898073,0.002126715,0.000885544,0.009420385,0.001856356,0.003678324,0.006320973,0.003448431,0.003929271,0.003900346,0.003422936,0.004386426,0.003492674,0.003798301,0.002756108,0.006427556,0.001675137,0.001945299,0.005409973,0.001576283,0.005766429,0.001627121,0.002744548,0.003021007,0.00307163,0.004055651,0.002750194,0.003311628,0.004403757,0.002419065,0.008535844,0.013541761,0.004338578,0.005466102,0.004973778,0.006457787,0.003837417,0.004209877,0.004665147,0.003136663,0.005012753,0.004692056,0.003974392,0.003399122,0.002208223,0.00514537,0.004721208,0.004376753,0.004175674,0.004097789,0.00525499,0.006845943,0.005873902,0.004681422,0.002818742
Stevie Hoang,0.002707193,0.003270882,0.003873526,0.003409427,0.004859796,0.005272018,0.004907099,0.003612094,0.006465455,0.004002984,0.001602281,0.014829282,0.002862559,0.004783028,0.008295904,0.005202721,0.004725066,0.003180781,0.004767788,0.004635087,0.004259532,0.005271333,0.003628085,0.00745177,0.002113764,0.002637009,0.007015751,0.003088144,0.00920357,0.002741677,0.005887366,0.005494292,0.004307824,0.005703279,0.005424725,0.00445389,0.005711311,0.003503578,0.012716671,0.020091183,0.005759222,0.008753741,0.008078012,0.008618069,0.006198981,0.006574249,0.00669785,0.003925578,0.005646722,0.005567186,0.00668264,0.009675803,0.008188401,0.027042363,0.015119272,0.010328335,0.013239451,0.013351961,0.008512667,0.007428183,0.006592404,0.006803793,0.004732408
Susan Boyle,0.02740118,0.037633289,0.051390011,0.050445925,0.045630775,0.042553939,0.045077366,0.026388933,0.04803883,0.015400331,0.012222254,0.103307701,0.02128257,0.037277215,0.047224159,0.023130181,0.029207863,0.022008885,0.02430497,0.029437259,0.021419586,0.024701271,0.025274139,0.045592918,0.01000407,0.01432922,0.026145891,0.00863901,0.02327022,0.005560866,0.013284524,0.016638335,0.011981125,0.015892023,0.011762211,0.010933463,0.01330488,0.007520669,0.030088572,0.046735511,0.011289958,0.012000911,0.0120751,0.016359489,0.007573095,0.008389985,0.010684886,0.007091202,0.009828757,0.009265428,0.008036959,0.006828719,0.004020057,0.010329062,0.00791843,0.007195708,0.006919459,0.006500297,0.005672381,0.006180625,0.005739273,0.005726726,0.004478047
Take That,0.000514962,0.000777912,0.00119225,0.000781979,0.000358953,0.000925152,0.001171855,0.000544034,0.001877715,0.000773621,4.38178E-05,0.000572406,0.000369522,0.002561072,0.001689919,0.001157407,0.001047556,0.001106669,0.001091661,0.001239296,0.000664147,0.000847688,0.000587864,0.00249163,0.001402369,0.001669717,0.001532512,0.000531529,0.001062494,0.00024122,0.000530555,0.000771307,0.000834933,0.000775903,0.000673885,0.000805884,0.001109188,0.000223856,0.006330328,0.012581014,0.000611822,0.000987724,0.000736153,0.000398504,0.000678733,0.00076328,0.000755087,0.000530754,0.000880421,0.005979346,0.013921324,0.007635712,0.000318515,0.000530695,0.000530395,0.000212057,0.000145375,0.000445147,0.000457516,0.000447668,0.000622619,0.000686859,0.00046127
Taylor Swift,0.002085222,0.00239062,0.002986992,0.003226716,0.003401755,0.004101187,0.004269656,0.00273429,0.004464862,0.00188587,0.000806312,0.006917659,0.002115408,0.002864498,0.004586475,0.002396695,0.003001518,0.002136072,0.002961897,0.002803344,0.002884127,0.00341136,0.002864336,0.004426915,0.001145096,0.001830107,0.004099266,0.001162727,0.003919819,0.000681422,0.002970648,0.002792657,0.002432083,0.002696971,0.00213415,0.001604082,0.002011506,0.001123772,0.004832904,0.009619319,0.002359395,0.002888377,0.002972341,0.003564035,0.001912565,0.002000595,0.002428768,0.002005777,0.002888094,0.003778945,0.003962307,0.003659176,0.001690442,0.00328625,0.002854462,0.002785739,0.00276552,0.00239327,0.002016728,0.001964803,0.00213814,0.00204087,0.001462156
The Boy Who Trapped The Sun,0,0,0,0,0,0,0,0,0,0,0,0,0,0,0,0,0,0,0,0,0,0,0,0,0,0,0,0,0,0,0,0,0,0,0,0,0,0,0,0,0,0,0,0,0,0.032816331,0.010042936,0.013147238,0.02713971,0.028052891,2.7633E-05,0.01832391,0.005101735,0.033260681,0.013266189,0.012058055,0.015515818,0.011211147,0.009983784,0.00144226,0.001312972,0.001368935,0.000883422
The Courteeners,0.001233833,0.003290846,0.00393207,0.004687848,0.00679396,0.006720515,0.008322465,0.004801,0.009681358,0.002976777,0.001696613,0.013162776,0.002149373,0.002923233,0.019744012,0.01001188,0.010078188,0.005399662,0.001670132,0.011617217,0.00939464,0.00311932,0.002706164,0.004445753,0.003782307,0.004291507,0.003489184,0.00304242,0.013028281,0.006429064,0.015259079,0.012307435,0.008353321,0.01003142,0.008280095,0.00393167,0.008122689,0.008727022,0.021563059,0.042215815,0.008306985,0.008867261,0.011112104,0.015240294,0.003547889,0.005892243,0.010856319,0.007533262,0.006648722,0.009865902,0.021600168,0.011500984,0.005664898,0.006660409,0.005288972,0.006405523,0.006808074,0.004065845,0.002181868,0.005952994,0.007999369,0.005442573,0.006007185
The Fratellis,0.001421677,0.001185497,0.001072521,0.001515942,0.002138922,0.001834889,0.001319411,0.000707008,0.001278441,0.000540069,0.000256272,0.002406715,0.000593677,0.000960758,0.001873964,0.000883906,0.000957194,0.000849879,0.000803951,0.000932239,0.001030788,0.001229189,0.000815707,0.001652724,0.000401198,0.000600393,0.001531903,0.000548609,0.001723788,0.000621663,0.001458163,0.000980436,0.000711627,0.001027284,0.000991858,0.000897814,0.000707763,0.000371215,0.001331785,0.002660029,0.000867033,0.001021768,0.001110408,0.00145643,0.000620641,0.000685386,0.000905648,0.00068163,0.001108781,0.000866557,0.001037453,0.000610147,0.000461772,0.00076377,0.000976404,0.000990992,0.00084224,0.000814703,0.000961019,0.001020217,0.000896329,0.001121909,0.000794628
The King Blues,0.000357588,0.000367619,0.000448694,0.00059891,0.000611077,0.000585781,0.000530913,0.000479003,0.004053793,0.001738892,3.848E-05,0.00061898,0.00043677,0.001571682,0.006003957,0.000474737,0.000573587,0.002415497,0.003123654,0.002066161,0.001596853,0.001634585,0.000965076,0.001406046,0.00036907,0.000880897,0.003300457,0.000432623,0.001255728,0.000290698,0.001354938,0.002768019,0.001644372,0.000639857,0.000772524,0.000583667,0.000476769,0.000307445,0.004559604,0.007262257,0.001404846,0.002914076,0.001882168,0.000574101,0.001500423,0.00239296,0.004798645,0.002451511,0.000684226,0.000964104,0.001587562,0.00251483,0.001970631,0.001283514,0.001230694,0.002532191,0.004793268,0.001011984,0.001017233,0.001877405,0.002563993,0.000899869,0.000545673
The Maccabees,0.001414622,0.002037286,0.003249234,0.00304117,0.002141492,0.001947064,0.001904015,0.001287966,0.002787555,0.001222533,0.000652146,0.005414284,0.001059555,0.00204689,0.00362345,0.002079171,0.00243589,0.001436906,0.001340265,0.002145699,0.001757741,0.002003665,0.00171252,0.002896025,0.000672342,0.001086057,0.002241973,0.001035565,0.003902305,0.00051393,0.002152606,0.001750696,0.001591203,0.002489131,0.002492845,0.001635018,0.001745206,0.000937898,0.003932071,0.006266671,0.001505852,0.002250437,0.002536543,0.003536761,0.002542055,0.00359405,0.003211077,0.001835774,0.002059163,0.002481864,0.002088952,0.001813642,0.001702693,0.002557455,0.002531864,0.002652621,0.003089913,0.002435578,0.002002011,0.002171015,0.001921328,0.002097007,0.001340638
The Mars Volta,0,0.000303349,0.000570158,0.001018404,0.001168774,0.000816573,0.000846114,3.01812E-05,0.000935986,0.000844583,9.04159E-05,0.000632854,0,0.000361402,0.000216763,0.00112956,0.001410348,0.000911611,0.000419917,0.000239878,0.000387374,0.000979153,0.000862131,0.001363865,0,0,0.000238961,0.000477771,0.001432665,0.000292632,0.000780101,0,0,0.000487174,0.001000977,0.00065401,0.000297077,0.000415812,0.002603384,0.004154592,0.00061925,0.000884095,0.00061832,0.00014714,0.000353055,0.000362707,0.000372419,0.000323294,0.00034124,0.000367944,0.000503271,0.000519815,0.000234643,0.000410521,0.000942435,0.001049635,0.000549944,0.000210497,0.000539635,0.001151606,0.001579159,0.002796877,0.001626973
The Nextmen,0,0,0.001826484,0.002734731,0,0,0,0,0,0,0,0,0,0.004545455,0,0,0,0,0,0,0,0,0,0,0.002178733,0.002341053,0.003603604,0.000897666,0.004484305,0,0,0,0,0,0,0.001674107,0.002785515,0,0.001481333,0.002958728,0,0,0.001843805,0.004416635,0.002564895,0.003898684,0.00485432,0,0,0,0.001672174,0.004117897,0.002881989,0,0,0.001796121,0.002509716,0,0,0,0,0.004681974,0.008155379
The Rumble Strips,0.000135172,0.000297091,0.000487221,0.000597716,0.000520879,0.000411152,0.00042257,0.000222763,0.000592947,0.000413368,3.46741E-05,0.000512389,0.000215631,0.000346476,0.001066778,0.000179913,0.000345925,0.000357335,0.000259261,0.000420468,0.000414536,0.000607735,0.000600464,0.000586308,0.000268089,0.000297115,0.000799217,0.000323562,0.000997901,2.49983E-05,0.000106254,0.000404959,0.000446244,0.000479323,0.000324537,0.000251644,0.000371645,0.000200047,0.000525729,0.001050898,0.000439319,0.001334482,0.001378261,0.000312816,0.000358199,0.000369433,0.000241469,0.000275491,0.000618968,0.000737762,0.000998085,0.002821306,0.003321809,0.005343034,0.001803862,0.000693235,0.000854772,0.000582243,0.000567317,0.000665783,0.000755483,0.000701524,0.000272621
The Saturdays,0.001247934,0.001449955,0.001840361,0.00183266,0.001746823,0.001861848,0.001915203,0.001107905,0.002121608,0.000914304,0.000431956,0.004212578,0.000944046,0.001645936,0.002776766,0.001583977,0.001525629,0.001164305,0.00127366,0.001895721,0.001657086,0.001879825,0.001342144,0.00269933,0.000722556,0.00105869,0.002553606,0.00101238,0.002623035,0.000680065,0.002234007,0.002201851,0.001391558,0.001709879,0.001310675,0.001439998,0.001106259,0.000701913,0.003396643,0.006770289,0.00159879,0.002150192,0.001892091,0.002693427,0.001336899,0.001616164,0.001851387,0.000954609,0.001456653,0.00145767,0.001213666,0.000939868,0.000709529,0.001219356,0.001443474,0.001260789,0.001452163,0.00133125,0.001054723,0.000829226,0.000970625,0.000962192,0.000802792
The Yeah Yous,0.001147815,0.000960952,0.000670525,0.000705986,0.001611326,0.00163118,0.000774232,0.000733602,0.00063977,0.00027972,0.000139821,0.001333658,0.000443227,0.001116427,0.001688705,0.00069979,0.000684631,0.000586423,0.000586079,0.001490967,0.000936007,0.000906362,0.00092151,0.001649839,0.000585759,0.000749648,0.001122834,0.000692194,0.001257664,0.000217397,0.001561711,0.00127998,0.000749112,0.000552533,0.00041924,0.000479944,0.000991055,0.000637128,0.000987572,0.001973211,0.000881017,0.00210699,0.002896486,0.002228251,0.001490778,0.005030289,0.00809499,0.000481298,0.000571486,0.000799174,0.000770197,0.00059082,0.000807994,0.00060551,0.001978351,0.003649829,0.003994133,0.004050661,0.003880114,0.004104621,0.004437419,0.00354309,0.00243014
Tiffany Page,0,0,0,0,0,0,0,0,0,0,0,0,0,0,0,0,0,0,0,0,0,0,0,0,0,0,0,0,0,0,0,0,0,0,0,0,0,0,0,0,0,0,0,0,0,0,0,0,0,0,0,0,0,0.006270047,0.003969487,0.002984851,0.003759714,0.003376421,0.003380945,0.001301378,0.002615004,0.004597552,0.002581064
TinashÃ©,0,0,0,0,0,0,0,0,0,0,0,0,0,0,0,0,0,0,0,0,0,0,0,0,0,0,0,0,0,0,0,0,0,0,0,0,0,0,0,0,0,0,0,0,0,0,0,0,0,0,0,0,0,0,0,0,0,0,0.008766994,0.019127217,0.02065345,0.024285031,0.008753997
Tinchy Stryder,0.002102678,0.003102854,0.0043051,0.003648401,0.002499576,0.001514848,0.001348104,0.000670378,0.00124121,0.000552624,0.000244193,0.002485477,0.000663864,0.000982634,0.001529905,0.00099244,0.0010766,0.001317403,0.001057354,0.001392514,0.001145559,0.001257187,0.000907098,0.002010442,0.000428646,0.000497198,0.001310263,0.00037209,0.001384485,0.0003212,0.000795067,0.000799319,0.000547353,0.000833,0.000772492,0.000635892,0.000779121,0.000424989,0.001290909,0.002578489,0.000762597,0.000879174,0.000838636,0.001018236,0.00061769,0.000675009,0.000791896,0.000497167,0.00086991,0.00077605,0.00068977,0.000527817,0.000395413,0.000804455,0.0008034,0.000754113,0.00088194,0.000636535,0.000653924,0.000611596,0.000700458,0.000694377,0.000398906
Tokio Hotel,0.000424445,0.000550144,0.000708099,0.000873134,0.000792408,0.000662837,0.000721383,0.000321891,0.001867299,0.000380001,0.00010853,0.0011093,0.000301109,0.000325098,0.000433323,0.000476448,0.0006061,0.000576885,0.000634215,0.000428545,0.000289358,0.000821378,0.000670107,0.001113902,0.000248487,0.000325708,0.000308502,0.000355022,0.001129214,0.000205081,0.000738553,0.000613268,0.000383054,0.000313989,0.000321543,0.000407157,0.000217773,0.00012493,0.001153019,0.001842715,0.001361016,0.001421347,0.000754028,0.000709125,0.00038975,0.000478138,0.000637213,0.000601433,0.000588438,0.001178707,0.001520383,0.000561145,0.000211327,0.000926389,0.000965459,0.00060629,0.000372331,0.000432699,0.000526465,0.000605232,0.000616098,0.000773183,0.000601527
Tommy Sparks,0.002408412,0.002651381,0.00305729,0.002638574,0.00375923,0.006868316,0.007631099,0.005162724,0.009253145,0.002772285,0.000296209,0.004494451,0.003013474,0.023042558,0.00905539,0.005603134,0.006309649,0.00427117,0.004214209,0.003503275,0.002680251,0.002699637,0.00262012,0.003221251,0.000967671,0.001473239,0.002280487,0.000492503,0.00224252,0.000604497,0.002517252,0.001807866,0.001728207,0.002044553,0.00192058,0.00131023,0.001972005,0.000627911,0.007778356,0.012349338,0.001388296,0.001416086,0.004176176,0.00988822,0.000818827,0.001312259,0.000793206,0.000447989,0.000879664,0.001508944,0.001792142,0.000976266,0.000685347,0.000804746,0.000633002,0.000341957,0.000888761,0.000785512,0.000396389,0.000411112,0.001102526,0.002009598,0.001427697
Two Door Cinema Club,0,0,0,0,0,0,0,0,0,0,0,0,0,0,0,0,0,0,0,0,0,0,0,0,0,0,0,0,0,0,0,0,0,0,0,0,0,0,0,0,0,0,0,0,0,0,0,0,0,0,0,0,0,0,0,0,0,0,0.01911315,0.054680345,0.051321801,0.047303606,0.023929358
U2,0.000513803,0.000616892,0.000794939,0.000764046,0.000817976,0.000861061,0.000881809,0.000492128,0.000960039,0.000407763,0.000168833,0.001432685,0.000417825,0.000618389,0.000946841,0.000569422,0.00057737,0.000587702,0.000577464,0.000693325,0.000689988,0.000766156,0.000513196,0.001108981,0.000336599,0.000380006,0.000912353,0.000260661,0.0008979,0.000173388,0.000660922,0.000534609,0.000482974,0.000526773,0.000571912,0.000411694,0.000547683,0.000264711,0.00093101,0.002092825,0.000552913,0.000728707,0.000650494,0.000835441,0.000457644,0.000404125,0.000504593,0.000331547,0.000541598,0.000514799,0.000458999,0.000384141,0.000265244,0.000528039,0.00048711,0.000416759,0.000508706,0.000467857,0.000366744,0.000414121,0.000403241,0.000387325,0.000286146
Vitaa,0.026175693,0.032321478,0.043824756,0.050690291,0.049896144,0.042134229,0.038898982,0.027484986,0.068810075,0.016293397,0.012022359,0.108094545,0.028131377,0.041452904,0.043881773,0.038255026,0.039567629,0.021532879,0.028536061,0.032839317,0.029386223,0.043375023,0.031912642,0.077330833,0.01120799,0.013521297,0.055490441,0.016460379,0.045770488,0.007160045,0.027795583,0.028911509,0.015729542,0.021885176,0.027217006,0.014754903,0.024632885,0.016121014,0.059270494,0.111908132,0.02178497,0.020440094,0.024609562,0.0418331,0.017904677,0.020135428,0.022029819,0.01295349,0.01627667,0.018565704,0.018255307,0.018435253,0.010972191,0.011346805,0.020896686,0.024259321,0.018126095,0.015158855,0.018703884,0.015902383,0.015941336,0.010226483,0.007731379
VV Brown,0.00026202,0.000368916,0.000448007,0.00074102,0.000883407,0.000512576,0.000593429,0.000418852,0.000858678,0.000348006,0.000127794,0.001054169,0.000265924,0.000459395,0.001028912,0.000581884,0.000471832,0.00053225,0.000584942,0.00049923,0.000558126,0.000484945,0.000337245,0.000798091,0.00022042,0.000385617,0.001058593,0.000244746,0.000835309,0.000187577,0.000844667,0.000867762,0.001001641,0.002017118,0.000974532,0.000530791,0.000875341,0.000615132,0.003130924,0.006242305,0.001348574,0.001329519,0.001260952,0.002374291,0.00080905,0.000990664,0.001102752,0.001428893,0.001521091,0.000967888,0.001453191,0.001396431,0.00130478,0.001150219,0.001059049,0.000868835,0.000993524,0.001305837,0.00132424,0.000829213,0.001191595,0.000896961,0.000538977
Weezer,0.001497738,0.00159366,0.001764828,0.001598464,0.001945782,0.002280202,0.001974891,0.00109192,0.002180803,0.000926877,0.000332757,0.003278246,0.000768828,0.001166743,0.00185282,0.000933914,0.001248488,0.000911978,0.000836082,0.001230917,0.001034865,0.001069484,0.000799095,0.00179175,0.000374779,0.000618473,0.00137983,0.000579375,0.001623975,0.000272699,0.001211217,0.001080591,0.000789876,0.001018004,0.00082707,0.000850706,0.000920474,0.000526595,0.00126984,0.004227433,0.001263265,0.001447276,0.001178725,0.001537715,0.000952247,0.000835256,0.000983217,0.00074899,0.000983428,0.000932489,0.000813393,0.000747835,0.000481274,0.000856179,0.001079244,0.000770292,0.000881409,0.000765597,0.000763484,0.000815103,0.000811136,0.000746045,0.000474616
White Lies,0.001178694,0.002000099,0.002487811,0.002081652,0.002558139,0.003032779,0.002764118,0.001426708,0.003152228,0.001345996,0.000606686,0.005500687,0.001561986,0.00286543,0.005033857,0.002764766,0.003346374,0.002062238,0.003296516,0.003285553,0.003400247,0.003531912,0.003123569,0.004721496,0.000836157,0.001233657,0.003350322,0.00160569,0.003859455,0.000428343,0.001734828,0.002110408,0.001781428,0.001876049,0.001366653,0.001168295,0.001557129,0.00097241,0.002283141,0.007593136,0.001541469,0.001825702,0.001687668,0.002401302,0.001442535,0.00122689,0.001590467,0.00099758,0.001830534,0.001868726,0.001686679,0.001413102,0.000982388,0.001471727,0.001833893,0.001671218,0.002100476,0.001606437,0.001563576,0.001398637,0.001399003,0.001234937,0.001005941
Wolf Gang,0,0,0,0,0,0,0,0,0,0,0,0,0,0,0,0,0,0,0,0,0,0,0,0,0,0,0,0,0,0,0,0,0,0,0,0,0,0,0,0,0,0,0,0,0,0,0.004048914,0.006758689,0.006843718,0.02514836,0.050738852,0.025952442,0.008722741,0.004853057,0.011246655,0.0180016,0.017095371,0.008101444,0.00808112,0.004759407,0.009065346,0.011296216,0.00286826
Yeah Yeah Yeahs,0.001896075,0.002613187,0.003552579,0.003316922,0.004080382,0.004816891,0.004798828,0.002956286,0.006470207,0.002810751,0.000900237,0.007962287,0.002066418,0.003218558,0.005281343,0.002768629,0.002688868,0.003129931,0.002899615,0.003504424,0.004445856,0.004077692,0.002832365,0.005348099,0.001252233,0.001706326,0.004532269,0.001894734,0.005074058,0.000740829,0.003163277,0.002714781,0.001860272,0.002737581,0.002396572,0.001795484,0.002526734,0.001325315,0.003332284,0.009963649,0.002866778,0.003112041,0.003100558,0.004102545,0.002858147,0.002613768,0.003547634,0.002714756,0.004163989,0.004719127,0.004121943,0.003173024,0.001718278,0.00220167,0.002452667,0.001969085,0.002178565,0.001883484,0.002006878,0.001796556,0.001976016,0.001689851,0.001388339
